"pathway"	"Adults1_NEG_F"	"Adults1_POS_F"	"Adults1_NEG_M"	"Adults2_NEG_F"	"Adults2_NEG_M"	"Adults2_POS_F"	"Adults2_POS_M"	"Adults3_NEG_F"	"Adults3_NEG_M"	"Adults3_POS_M"	"Adults3_POS_F"
"M2"	7.27632846173572e-06	3.04470836674823e-13	NA	NA	3.04035696795103e-13	0.826460481099656	NA	NA	0.0131932988845846	NA	6.29975734307224e-21
"M3"	0.833166165162153	0.000408021714400008	0.674066599394551	NA	9.13451313358738e-08	0.826460481099656	1	9.84227514318647e-43	1.77228767260245e-09	0.955	0.142276422764228
"M4"	1	0.922528032619776	0.0236175314902147	1	0.000248921176068815	0.462536873156342	1	0.581918081918082	1.49187879496636e-13	NA	1.8840120507639e-16
"M5"	0.357342872388758	2.83127525123998e-08	0.00235841507980415	9.49942873304721e-24	0.998851894374282	5.97359447524861e-07	1.07360071856264e-18	NA	8.22818506234602e-71	9.59042695807136e-17	0.768707482993197
"M6"	0.357342872388758	0.000315932536985646	0.460509554140127	1	0.998851894374282	0.663333333333333	1	1	0.0027538385807909	0.292143929354203	3.65839494901445e-06
"M7"	0.019073798957333	0.00191594255480778	0.674066599394551	0.0986394557823129	0.643316195372751	0.826460481099656	1	0.611792774369462	4.43274226742418e-06	0.00024864431220331	0.00164701703766092
"Not.Correlated"	0.517617866004963	0.436122357174989	0.460509554140127	0.0267844316388841	0.778686131386861	0.192534381139489	1	1	0.202808112324493	0.955	0.0507677008491576
